message_id,channel_name,detected_class,confidence_score,image_category
10,CheMed123,,,other
11,CheMed123,clock,0.4273,other
13,CheMed123,hot dog,0.5039,other
13,CheMed123,donut,0.399,other
14,CheMed123,,,other
15,CheMed123,,,other
17,CheMed123,bottle,0.526,other
17,CheMed123,bottle,0.4945,other
17,CheMed123,bottle,0.4318,other
17,CheMed123,bottle,0.3874,other
17,CheMed123,bottle,0.385,other
17,CheMed123,bottle,0.3799,other
17,CheMed123,bottle,0.3749,other
18,CheMed123,,,other
19,CheMed123,person,0.9401,other
19,CheMed123,person,0.9277,other
19,CheMed123,dining table,0.3616,other
2,CheMed123,bottle,0.3872,other
20,CheMed123,person,0.9401,other
20,CheMed123,person,0.9277,other
20,CheMed123,dining table,0.3616,other
21,CheMed123,,,other
22,CheMed123,,,other
23,CheMed123,cell phone,0.6107,other
26,CheMed123,person,0.8276,other
26,CheMed123,cup,0.4267,other
27,CheMed123,,,other
29,CheMed123,person,0.6185,other
29,CheMed123,surfboard,0.5945,other
29,CheMed123,person,0.528,other
3,CheMed123,,,other
30,CheMed123,person,0.4139,other
31,CheMed123,bottle,0.5125,other
31,CheMed123,bottle,0.4973,other
31,CheMed123,bottle,0.435,other
31,CheMed123,bottle,0.3881,other
31,CheMed123,bottle,0.388,other
31,CheMed123,bottle,0.3832,other
31,CheMed123,bottle,0.3769,other
32,CheMed123,person,0.5882,other
33,CheMed123,orange,0.6712,other
33,CheMed123,orange,0.5761,other
34,CheMed123,,,other
38,CheMed123,,,other
39,CheMed123,mouse,0.9114,other
39,CheMed123,mouse,0.9019,other
39,CheMed123,mouse,0.893,other
39,CheMed123,mouse,0.6238,other
39,CheMed123,mouse,0.594,other
39,CheMed123,mouse,0.5547,other
39,CheMed123,mouse,0.5261,other
39,CheMed123,mouse,0.4145,other
40,CheMed123,person,0.7191,other
40,CheMed123,person,0.6744,other
40,CheMed123,person,0.6338,other
40,CheMed123,person,0.5978,other
40,CheMed123,person,0.5868,other
40,CheMed123,person,0.5126,other
40,CheMed123,person,0.4521,other
40,CheMed123,person,0.437,other
41,CheMed123,person,0.421,other
43,CheMed123,person,0.8565,other
44,CheMed123,cell phone,0.9387,other
44,CheMed123,person,0.848,other
45,CheMed123,scissors,0.632,other
46,CheMed123,person,0.8272,other
46,CheMed123,person,0.4749,other
46,CheMed123,tv,0.3886,other
48,CheMed123,,,other
49,CheMed123,kite,0.6802,other
49,CheMed123,kite,0.4033,other
50,CheMed123,,,other
52,CheMed123,person,0.7039,other
52,CheMed123,person,0.6461,other
52,CheMed123,horse,0.6253,other
52,CheMed123,person,0.5131,other
52,CheMed123,person,0.431,other
53,CheMed123,person,0.5738,other
55,CheMed123,,,other
56,CheMed123,person,0.833,other
57,CheMed123,person,0.8897,other
57,CheMed123,potted plant,0.872,other
57,CheMed123,potted plant,0.7366,other
57,CheMed123,potted plant,0.5937,other
57,CheMed123,potted plant,0.4915,other
58,CheMed123,bottle,0.4115,other
59,CheMed123,,,other
60,CheMed123,,,other
64,CheMed123,person,0.6865,other
64,CheMed123,person,0.4402,other
67,CheMed123,stop sign,0.5792,other
70,CheMed123,potted plant,0.9247,other
70,CheMed123,person,0.8443,other
70,CheMed123,book,0.4226,other
71,CheMed123,person,0.8836,other
71,CheMed123,person,0.8043,other
74,CheMed123,,,other
75,CheMed123,person,0.8353,other
76,CheMed123,person,0.8694,other
77,CheMed123,bottle,0.9558,other
77,CheMed123,bottle,0.9073,other
77,CheMed123,bottle,0.8961,other
77,CheMed123,bottle,0.8937,other
78,CheMed123,person,0.7699,other
78,CheMed123,person,0.3556,other
79,CheMed123,,,other
80,CheMed123,person,0.9279,other
80,CheMed123,bottle,0.7433,other
80,CheMed123,chair,0.5636,other
81,CheMed123,bottle,0.8818,other
81,CheMed123,bottle,0.8327,other
81,CheMed123,bottle,0.8217,other
81,CheMed123,bottle,0.8041,other
81,CheMed123,bottle,0.7617,other
82,CheMed123,bottle,0.8992,other
82,CheMed123,bottle,0.8425,other
82,CheMed123,bottle,0.7404,other
82,CheMed123,apple,0.4785,other
85,CheMed123,,,other
86,CheMed123,person,0.9013,other
86,CheMed123,refrigerator,0.357,other
87,CheMed123,,,other
88,CheMed123,,,other
9,CheMed123,bottle,0.3872,other
90,CheMed123,,,other
91,CheMed123,,,other
92,CheMed123,,,other
93,CheMed123,person,0.9077,other
94,CheMed123,cup,0.7409,other
94,CheMed123,person,0.4758,other
94,CheMed123,cup,0.3856,other
95,CheMed123,person,0.8684,other
95,CheMed123,person,0.4918,other
96,CheMed123,,,other
97,CheMed123,,,other
26245,lobelia4cosmetics,bottle,0.3844,other
26246,lobelia4cosmetics,,,other
26247,lobelia4cosmetics,,,other
26248,lobelia4cosmetics,,,other
26249,lobelia4cosmetics,refrigerator,0.4421,other
26250,lobelia4cosmetics,book,0.3516,other
26251,lobelia4cosmetics,,,other
26252,lobelia4cosmetics,bottle,0.4999,other
26253,lobelia4cosmetics,parking meter,0.3686,other
26253,lobelia4cosmetics,bottle,0.3656,other
26254,lobelia4cosmetics,bottle,0.7881,other
26254,lobelia4cosmetics,bottle,0.5554,other
26254,lobelia4cosmetics,bottle,0.3785,other
26254,lobelia4cosmetics,bottle,0.3652,other
26254,lobelia4cosmetics,bottle,0.3564,other
26255,lobelia4cosmetics,,,other
26256,lobelia4cosmetics,refrigerator,0.5083,other
26256,lobelia4cosmetics,bottle,0.4445,other
26256,lobelia4cosmetics,bottle,0.3976,other
26257,lobelia4cosmetics,bottle,0.8619,other
26258,lobelia4cosmetics,,,other
26259,lobelia4cosmetics,,,other
26260,lobelia4cosmetics,person,0.6776,other
26261,lobelia4cosmetics,,,other
26262,lobelia4cosmetics,,,other
26263,lobelia4cosmetics,orange,0.8507,other
26263,lobelia4cosmetics,orange,0.7533,other
26263,lobelia4cosmetics,bowl,0.4617,other
26263,lobelia4cosmetics,dining table,0.4286,other
26264,lobelia4cosmetics,,,other
26265,lobelia4cosmetics,cup,0.354,other
26266,lobelia4cosmetics,bottle,0.8124,other
26267,lobelia4cosmetics,bottle,0.8742,other
26268,lobelia4cosmetics,bottle,0.5591,other
26268,lobelia4cosmetics,bottle,0.5129,other
26268,lobelia4cosmetics,bottle,0.4146,other
26269,lobelia4cosmetics,bottle,0.524,other
26270,lobelia4cosmetics,bottle,0.475,other
26271,lobelia4cosmetics,person,0.7918,other
26272,lobelia4cosmetics,,,other
26273,lobelia4cosmetics,,,other
26274,lobelia4cosmetics,,,other
26275,lobelia4cosmetics,horse,0.8773,other
26276,lobelia4cosmetics,,,other
26277,lobelia4cosmetics,,,other
26278,lobelia4cosmetics,bottle,0.6695,other
26278,lobelia4cosmetics,vase,0.6104,other
26279,lobelia4cosmetics,cup,0.3924,other
26280,lobelia4cosmetics,bottle,0.475,other
26281,lobelia4cosmetics,cup,0.354,other
26282,lobelia4cosmetics,bottle,0.8124,other
26283,lobelia4cosmetics,,,other
26284,lobelia4cosmetics,,,other
26285,lobelia4cosmetics,,,other
26286,lobelia4cosmetics,,,other
26287,lobelia4cosmetics,bottle,0.7947,other
26287,lobelia4cosmetics,dining table,0.5056,other
26288,lobelia4cosmetics,bottle,0.6791,other
26288,lobelia4cosmetics,bottle,0.3951,other
26289,lobelia4cosmetics,bottle,0.7336,other
26289,lobelia4cosmetics,dining table,0.405,other
26290,lobelia4cosmetics,bottle,0.7983,other
26290,lobelia4cosmetics,bottle,0.4468,other
26290,lobelia4cosmetics,bottle,0.3669,other
26291,lobelia4cosmetics,bottle,0.8248,other
26291,lobelia4cosmetics,dining table,0.3854,other
26292,lobelia4cosmetics,,,other
26293,lobelia4cosmetics,,,other
26294,lobelia4cosmetics,bottle,0.6433,other
26294,lobelia4cosmetics,bottle,0.6279,other
26294,lobelia4cosmetics,bottle,0.4022,other
26294,lobelia4cosmetics,bottle,0.3563,other
26295,lobelia4cosmetics,bottle,0.6695,other
26295,lobelia4cosmetics,vase,0.6104,other
26296,lobelia4cosmetics,,,other
26297,lobelia4cosmetics,,,other
26298,lobelia4cosmetics,,,other
26299,lobelia4cosmetics,,,other
26300,lobelia4cosmetics,bottle,0.5097,other
26300,lobelia4cosmetics,bottle,0.5074,other
26300,lobelia4cosmetics,dining table,0.4609,other
26300,lobelia4cosmetics,bottle,0.4239,other
26300,lobelia4cosmetics,bottle,0.4207,other
26300,lobelia4cosmetics,cup,0.3684,other
26301,lobelia4cosmetics,,,other
26302,lobelia4cosmetics,,,other
26303,lobelia4cosmetics,,,other
26304,lobelia4cosmetics,,,other
26305,lobelia4cosmetics,,,other
26306,lobelia4cosmetics,bottle,0.3844,other
26307,lobelia4cosmetics,,,other
26308,lobelia4cosmetics,,,other
26309,lobelia4cosmetics,,,other
26310,lobelia4cosmetics,refrigerator,0.4421,other
26311,lobelia4cosmetics,book,0.3516,other
26312,lobelia4cosmetics,bottle,0.7881,other
26312,lobelia4cosmetics,bottle,0.5554,other
26312,lobelia4cosmetics,bottle,0.3785,other
26312,lobelia4cosmetics,bottle,0.3652,other
26312,lobelia4cosmetics,bottle,0.3564,other
26313,lobelia4cosmetics,,,other
26314,lobelia4cosmetics,,,other
26315,lobelia4cosmetics,,,other
26316,lobelia4cosmetics,bottle,0.6768,other
26317,lobelia4cosmetics,,,other
26318,lobelia4cosmetics,,,other
26319,lobelia4cosmetics,,,other
26320,lobelia4cosmetics,,,other
26321,lobelia4cosmetics,bottle,0.7189,other
26321,lobelia4cosmetics,dining table,0.4859,other
26322,lobelia4cosmetics,cup,0.354,other
26323,lobelia4cosmetics,,,other
26324,lobelia4cosmetics,cup,0.7179,other
26324,lobelia4cosmetics,cup,0.3851,other
26325,lobelia4cosmetics,bottle,0.8124,other
26326,lobelia4cosmetics,bottle,0.4823,other
26326,lobelia4cosmetics,bottle,0.4725,other
26326,lobelia4cosmetics,bottle,0.4318,other
26327,lobelia4cosmetics,bottle,0.5669,other
26327,lobelia4cosmetics,bottle,0.3779,other
26328,lobelia4cosmetics,,,other
26329,lobelia4cosmetics,,,other
26330,lobelia4cosmetics,,,other
26331,lobelia4cosmetics,person,0.6776,other
26332,lobelia4cosmetics,,,other
26333,lobelia4cosmetics,bottle,0.8742,other
26334,lobelia4cosmetics,bottle,0.5591,other
26334,lobelia4cosmetics,bottle,0.5129,other
26334,lobelia4cosmetics,bottle,0.4146,other
26335,lobelia4cosmetics,,,other
26336,lobelia4cosmetics,,,other
26337,lobelia4cosmetics,,,other
26338,lobelia4cosmetics,bottle,0.5097,other
26338,lobelia4cosmetics,bottle,0.5074,other
26338,lobelia4cosmetics,dining table,0.4609,other
26338,lobelia4cosmetics,bottle,0.4239,other
26338,lobelia4cosmetics,bottle,0.4207,other
26338,lobelia4cosmetics,cup,0.3684,other
26339,lobelia4cosmetics,,,other
26340,lobelia4cosmetics,bottle,0.5939,other
26341,lobelia4cosmetics,bottle,0.6115,other
26343,lobelia4cosmetics,bottle,0.9345,other
26343,lobelia4cosmetics,person,0.7855,other
26343,lobelia4cosmetics,person,0.6679,other
26343,lobelia4cosmetics,orange,0.4591,other
26343,lobelia4cosmetics,orange,0.3661,other
26343,lobelia4cosmetics,person,0.3541,other
26343,lobelia4cosmetics,orange,0.3525,other
26344,lobelia4cosmetics,,,other
26345,lobelia4cosmetics,person,0.8894,other
26345,lobelia4cosmetics,person,0.7644,other
26345,lobelia4cosmetics,person,0.5231,other
26346,lobelia4cosmetics,person,0.8004,other
26347,lobelia4cosmetics,bottle,0.8742,other
26348,lobelia4cosmetics,bottle,0.7407,other
26349,lobelia4cosmetics,bottle,0.8619,other
26350,lobelia4cosmetics,orange,0.8507,other
26350,lobelia4cosmetics,orange,0.7533,other
26350,lobelia4cosmetics,bowl,0.4617,other
26350,lobelia4cosmetics,dining table,0.4286,other
26351,lobelia4cosmetics,cup,0.354,other
26352,lobelia4cosmetics,bottle,0.524,other
26353,lobelia4cosmetics,,,other
26354,lobelia4cosmetics,,,other
26355,lobelia4cosmetics,,,other
26356,lobelia4cosmetics,bottle,0.6433,other
26356,lobelia4cosmetics,bottle,0.6279,other
26356,lobelia4cosmetics,bottle,0.4022,other
26356,lobelia4cosmetics,bottle,0.3563,other
26357,lobelia4cosmetics,refrigerator,0.5083,other
26357,lobelia4cosmetics,bottle,0.4445,other
26357,lobelia4cosmetics,bottle,0.3976,other
26358,lobelia4cosmetics,bottle,0.4823,other
26358,lobelia4cosmetics,bottle,0.4725,other
26358,lobelia4cosmetics,bottle,0.4318,other
26359,lobelia4cosmetics,bottle,0.5669,other
26359,lobelia4cosmetics,bottle,0.3779,other
26360,lobelia4cosmetics,bottle,0.437,other
26361,lobelia4cosmetics,bottle,0.5032,other
26362,lobelia4cosmetics,bottle,0.5096,other
26362,lobelia4cosmetics,bottle,0.3521,other
26363,lobelia4cosmetics,bottle,0.6109,other
26363,lobelia4cosmetics,bottle,0.3556,other
26364,lobelia4cosmetics,bottle,0.8619,other
26365,lobelia4cosmetics,,,other
26366,lobelia4cosmetics,,,other
26367,lobelia4cosmetics,,,other
26368,lobelia4cosmetics,,,other
26369,lobelia4cosmetics,bottle,0.5097,other
26369,lobelia4cosmetics,bottle,0.5074,other
26369,lobelia4cosmetics,dining table,0.4609,other
26369,lobelia4cosmetics,bottle,0.4239,other
26369,lobelia4cosmetics,bottle,0.4207,other
26369,lobelia4cosmetics,cup,0.3684,other
26370,lobelia4cosmetics,,,other
26371,lobelia4cosmetics,person,0.6776,other
26372,lobelia4cosmetics,,,other
26373,lobelia4cosmetics,,,other
26374,lobelia4cosmetics,cup,0.3924,other
26375,lobelia4cosmetics,bottle,0.475,other
26376,lobelia4cosmetics,cup,0.354,other
26377,lobelia4cosmetics,bottle,0.8124,other
26378,lobelia4cosmetics,,,other
26379,lobelia4cosmetics,bottle,0.6433,other
26379,lobelia4cosmetics,bottle,0.6279,other
26379,lobelia4cosmetics,bottle,0.4022,other
26379,lobelia4cosmetics,bottle,0.3563,other
26380,lobelia4cosmetics,,,other
26381,lobelia4cosmetics,,,other
26382,lobelia4cosmetics,,,other
26383,lobelia4cosmetics,,,other
26384,lobelia4cosmetics,,,other
26385,lobelia4cosmetics,sports ball,0.368,other
26386,lobelia4cosmetics,,,other
26387,lobelia4cosmetics,,,other
26388,lobelia4cosmetics,bottle,0.6695,other
26388,lobelia4cosmetics,vase,0.6104,other
26389,lobelia4cosmetics,,,other
26390,lobelia4cosmetics,,,other
26391,lobelia4cosmetics,,,other
26392,lobelia4cosmetics,,,other
26393,lobelia4cosmetics,bottle,0.6768,other
26394,lobelia4cosmetics,bottle,0.8742,other
26395,lobelia4cosmetics,,,other
26396,lobelia4cosmetics,bottle,0.5097,other
26396,lobelia4cosmetics,bottle,0.5074,other
26396,lobelia4cosmetics,dining table,0.4609,other
26396,lobelia4cosmetics,bottle,0.4239,other
26396,lobelia4cosmetics,bottle,0.4207,other
26396,lobelia4cosmetics,cup,0.3684,other
26397,lobelia4cosmetics,,,other
26398,lobelia4cosmetics,bottle,0.6433,other
26398,lobelia4cosmetics,bottle,0.6279,other
26398,lobelia4cosmetics,bottle,0.4022,other
26398,lobelia4cosmetics,bottle,0.3563,other
26399,lobelia4cosmetics,,,other
26400,lobelia4cosmetics,,,other
26401,lobelia4cosmetics,,,other
26402,lobelia4cosmetics,,,other
26403,lobelia4cosmetics,,,other
26404,lobelia4cosmetics,,,other
26405,lobelia4cosmetics,,,other
26406,lobelia4cosmetics,bottle,0.8619,other
26407,lobelia4cosmetics,,,other
26408,lobelia4cosmetics,bottle,0.5939,other
26409,lobelia4cosmetics,,,other
26410,lobelia4cosmetics,fork,0.8578,other
26410,lobelia4cosmetics,cup,0.4949,other
26410,lobelia4cosmetics,knife,0.444,other
26411,lobelia4cosmetics,,,other
26412,lobelia4cosmetics,,,other
26413,lobelia4cosmetics,person,0.6776,other
26414,lobelia4cosmetics,,,other
26415,lobelia4cosmetics,sports ball,0.368,other
26416,lobelia4cosmetics,,,other
26417,lobelia4cosmetics,,,other
26418,lobelia4cosmetics,bottle,0.9,other
26419,lobelia4cosmetics,,,other
26420,lobelia4cosmetics,refrigerator,0.3814,other
26421,lobelia4cosmetics,,,other
26423,lobelia4cosmetics,,,other
26424,lobelia4cosmetics,,,other
26425,lobelia4cosmetics,,,other
26426,lobelia4cosmetics,bottle,0.3844,other
26427,lobelia4cosmetics,,,other
26428,lobelia4cosmetics,,,other
26429,lobelia4cosmetics,,,other
26430,lobelia4cosmetics,refrigerator,0.4421,other
26431,lobelia4cosmetics,bottle,0.7881,other
26431,lobelia4cosmetics,bottle,0.5554,other
26431,lobelia4cosmetics,bottle,0.3785,other
26431,lobelia4cosmetics,bottle,0.3652,other
26431,lobelia4cosmetics,bottle,0.3564,other
26432,lobelia4cosmetics,,,other
26433,lobelia4cosmetics,,,other
26434,lobelia4cosmetics,,,other
26435,lobelia4cosmetics,,,other
26436,lobelia4cosmetics,,,other
26437,lobelia4cosmetics,,,other
26438,lobelia4cosmetics,,,other
26439,lobelia4cosmetics,bottle,0.8619,other
26440,lobelia4cosmetics,cup,0.7179,other
26440,lobelia4cosmetics,cup,0.3851,other
26441,lobelia4cosmetics,,,other
26442,lobelia4cosmetics,,,other
26443,lobelia4cosmetics,bottle,0.4823,other
26443,lobelia4cosmetics,bottle,0.4725,other
26443,lobelia4cosmetics,bottle,0.4318,other
26444,lobelia4cosmetics,bottle,0.5669,other
26444,lobelia4cosmetics,bottle,0.3779,other
26445,lobelia4cosmetics,,,other
26446,lobelia4cosmetics,,,other
26447,lobelia4cosmetics,bottle,0.744,other
26448,lobelia4cosmetics,bottle,0.475,other
26449,lobelia4cosmetics,person,0.6776,other
26450,lobelia4cosmetics,,,other
26451,lobelia4cosmetics,,,other
26452,lobelia4cosmetics,cup,0.354,other
26453,lobelia4cosmetics,bottle,0.8124,other
26454,lobelia4cosmetics,,,other
26455,lobelia4cosmetics,fork,0.8578,other
26455,lobelia4cosmetics,cup,0.4949,other
26455,lobelia4cosmetics,knife,0.444,other
26456,lobelia4cosmetics,bottle,0.4263,other
26457,lobelia4cosmetics,,,other
26458,lobelia4cosmetics,,,other
26460,lobelia4cosmetics,bottle,0.9058,other
26461,lobelia4cosmetics,bottle,0.9,other
26462,lobelia4cosmetics,bottle,0.6695,other
26462,lobelia4cosmetics,vase,0.6104,other
26463,lobelia4cosmetics,cup,0.7179,other
26463,lobelia4cosmetics,cup,0.3851,other
26464,lobelia4cosmetics,,,other
26465,lobelia4cosmetics,,,other
26466,lobelia4cosmetics,bottle,0.475,other
26467,lobelia4cosmetics,,,other
26468,lobelia4cosmetics,fork,0.8578,other
26468,lobelia4cosmetics,cup,0.4949,other
26468,lobelia4cosmetics,knife,0.444,other
26469,lobelia4cosmetics,,,other
26470,lobelia4cosmetics,,,other
26471,lobelia4cosmetics,person,0.6776,other
26472,lobelia4cosmetics,,,other
26473,lobelia4cosmetics,sports ball,0.368,other
26474,lobelia4cosmetics,,,other
26475,lobelia4cosmetics,,,other
26476,lobelia4cosmetics,,,other
26477,lobelia4cosmetics,,,other
26478,lobelia4cosmetics,,,other
26479,lobelia4cosmetics,bottle,0.4263,other
26480,lobelia4cosmetics,,,other
26481,lobelia4cosmetics,bottle,0.8619,other
26482,lobelia4cosmetics,,,other
26483,lobelia4cosmetics,,,other
26484,lobelia4cosmetics,,,other
26485,lobelia4cosmetics,,,other
26486,lobelia4cosmetics,bottle,0.5097,other
26486,lobelia4cosmetics,bottle,0.5074,other
26486,lobelia4cosmetics,dining table,0.4609,other
26486,lobelia4cosmetics,bottle,0.4239,other
26486,lobelia4cosmetics,bottle,0.4207,other
26486,lobelia4cosmetics,cup,0.3684,other
26487,lobelia4cosmetics,,,other
26488,lobelia4cosmetics,cup,0.4486,other
26489,lobelia4cosmetics,fork,0.8578,other
26489,lobelia4cosmetics,cup,0.4949,other
26489,lobelia4cosmetics,knife,0.444,other
26490,lobelia4cosmetics,,,other
26491,lobelia4cosmetics,refrigerator,0.3814,other
26492,lobelia4cosmetics,person,0.6776,other
26493,lobelia4cosmetics,,,other
26494,lobelia4cosmetics,,,other
26495,lobelia4cosmetics,,,other
26496,lobelia4cosmetics,bottle,0.8619,other
26497,lobelia4cosmetics,,,other
26498,lobelia4cosmetics,,,other
26499,lobelia4cosmetics,bottle,0.9345,other
26499,lobelia4cosmetics,person,0.7855,other
26499,lobelia4cosmetics,person,0.6679,other
26499,lobelia4cosmetics,orange,0.4591,other
26499,lobelia4cosmetics,orange,0.3661,other
26499,lobelia4cosmetics,person,0.3541,other
26499,lobelia4cosmetics,orange,0.3525,other
26500,lobelia4cosmetics,person,0.8004,other
26501,lobelia4cosmetics,bottle,0.8742,other
26502,lobelia4cosmetics,bottle,0.7407,other
26503,lobelia4cosmetics,orange,0.8507,other
26503,lobelia4cosmetics,orange,0.7533,other
26503,lobelia4cosmetics,bowl,0.4617,other
26503,lobelia4cosmetics,dining table,0.4286,other
26504,lobelia4cosmetics,cup,0.354,other
26505,lobelia4cosmetics,,,other
26506,lobelia4cosmetics,bottle,0.6433,other
26506,lobelia4cosmetics,bottle,0.6279,other
26506,lobelia4cosmetics,bottle,0.4022,other
26506,lobelia4cosmetics,bottle,0.3563,other
26507,lobelia4cosmetics,,,other
26508,lobelia4cosmetics,,,other
26509,lobelia4cosmetics,fork,0.8578,other
26509,lobelia4cosmetics,cup,0.4949,other
26509,lobelia4cosmetics,knife,0.444,other
26510,lobelia4cosmetics,,,other
26511,lobelia4cosmetics,,,other
26512,lobelia4cosmetics,sports ball,0.368,other
26513,lobelia4cosmetics,,,other
26514,lobelia4cosmetics,,,other
26515,lobelia4cosmetics,,,other
26516,lobelia4cosmetics,bottle,0.5097,other
26516,lobelia4cosmetics,bottle,0.5074,other
26516,lobelia4cosmetics,dining table,0.4609,other
26516,lobelia4cosmetics,bottle,0.4239,other
26516,lobelia4cosmetics,bottle,0.4207,other
26516,lobelia4cosmetics,cup,0.3684,other
26517,lobelia4cosmetics,,,other
26518,lobelia4cosmetics,person,0.7035,other
26518,lobelia4cosmetics,person,0.6184,other
26519,lobelia4cosmetics,,,other
26520,lobelia4cosmetics,,,other
26521,lobelia4cosmetics,,,other
26523,lobelia4cosmetics,dining table,0.4378,other
26524,lobelia4cosmetics,,,other
26525,lobelia4cosmetics,,,other
26526,lobelia4cosmetics,person,0.8894,other
26526,lobelia4cosmetics,person,0.7644,other
26526,lobelia4cosmetics,person,0.5231,other
26527,lobelia4cosmetics,person,0.8004,other
26528,lobelia4cosmetics,bottle,0.8742,other
26529,lobelia4cosmetics,,,other
26530,lobelia4cosmetics,bottle,0.744,other
26531,lobelia4cosmetics,bottle,0.9058,other
26532,lobelia4cosmetics,,,other
26533,lobelia4cosmetics,refrigerator,0.3814,other
26534,lobelia4cosmetics,person,0.6776,other
26535,lobelia4cosmetics,,,other
26536,lobelia4cosmetics,,,other
26537,lobelia4cosmetics,bottle,0.475,other
26538,lobelia4cosmetics,cup,0.354,other
26539,lobelia4cosmetics,bottle,0.8124,other
26540,lobelia4cosmetics,,,other
26541,lobelia4cosmetics,,,other
26542,lobelia4cosmetics,,,other
26543,lobelia4cosmetics,orange,0.4805,other
26544,lobelia4cosmetics,,,other
26545,lobelia4cosmetics,,,other
26546,lobelia4cosmetics,fork,0.8578,other
26546,lobelia4cosmetics,cup,0.4949,other
26546,lobelia4cosmetics,knife,0.444,other
26547,lobelia4cosmetics,,,other
26548,lobelia4cosmetics,,,other
26549,lobelia4cosmetics,person,0.6776,other
26550,lobelia4cosmetics,,,other
26551,lobelia4cosmetics,sports ball,0.368,other
26552,lobelia4cosmetics,,,other
26553,lobelia4cosmetics,,,other
26554,lobelia4cosmetics,refrigerator,0.3814,other
26555,lobelia4cosmetics,bottle,0.4263,other
26556,lobelia4cosmetics,,,other
26557,lobelia4cosmetics,,,other
26558,lobelia4cosmetics,,,other
26559,lobelia4cosmetics,,,other
26560,lobelia4cosmetics,,,other
26561,lobelia4cosmetics,,,other
26562,lobelia4cosmetics,bottle,0.8619,other
26563,lobelia4cosmetics,,,other
26564,lobelia4cosmetics,,,other
26565,lobelia4cosmetics,,,other
26566,lobelia4cosmetics,cup,0.354,other
26567,lobelia4cosmetics,,,other
26568,lobelia4cosmetics,bottle,0.6433,other
26568,lobelia4cosmetics,bottle,0.6279,other
26568,lobelia4cosmetics,bottle,0.4022,other
26568,lobelia4cosmetics,bottle,0.3563,other
26569,lobelia4cosmetics,,,other
26570,lobelia4cosmetics,,,other
26571,lobelia4cosmetics,bottle,0.6695,other
26571,lobelia4cosmetics,vase,0.6104,other
26572,lobelia4cosmetics,bottle,0.4643,other
26573,lobelia4cosmetics,bottle,0.573,other
26573,lobelia4cosmetics,bottle,0.5491,other
26573,lobelia4cosmetics,bottle,0.3823,other
26574,lobelia4cosmetics,book,0.4796,other
26574,lobelia4cosmetics,book,0.3902,other
26575,lobelia4cosmetics,,,other
26576,lobelia4cosmetics,bottle,0.4999,other
26577,lobelia4cosmetics,refrigerator,0.4215,other
26578,lobelia4cosmetics,bottle,0.677,other
26579,lobelia4cosmetics,,,other
26580,lobelia4cosmetics,,,other
26581,lobelia4cosmetics,bottle,0.4823,other
26581,lobelia4cosmetics,bottle,0.4725,other
26581,lobelia4cosmetics,bottle,0.4318,other
26582,lobelia4cosmetics,bottle,0.5669,other
26582,lobelia4cosmetics,bottle,0.3779,other
26583,lobelia4cosmetics,,,other
26584,lobelia4cosmetics,cell phone,0.4422,other
26584,lobelia4cosmetics,donut,0.4114,other
26585,lobelia4cosmetics,fork,0.8578,other
26585,lobelia4cosmetics,cup,0.4949,other
26585,lobelia4cosmetics,knife,0.444,other
26586,lobelia4cosmetics,,,other
26587,lobelia4cosmetics,,,other
26588,lobelia4cosmetics,sports ball,0.368,other
26589,lobelia4cosmetics,person,0.6776,other
26590,lobelia4cosmetics,,,other
26591,lobelia4cosmetics,,,other
26592,lobelia4cosmetics,,,other
26593,lobelia4cosmetics,bottle,0.5939,other
26594,lobelia4cosmetics,,,other
26595,lobelia4cosmetics,,,other
26596,lobelia4cosmetics,bottle,0.9058,other
26597,lobelia4cosmetics,person,0.8004,other
26598,lobelia4cosmetics,bottle,0.7407,other
26599,lobelia4cosmetics,bottle,0.5097,other
26599,lobelia4cosmetics,bottle,0.5074,other
26599,lobelia4cosmetics,dining table,0.4609,other
26599,lobelia4cosmetics,bottle,0.4239,other
26599,lobelia4cosmetics,bottle,0.4207,other
26599,lobelia4cosmetics,cup,0.3684,other
26600,lobelia4cosmetics,,,other
26601,lobelia4cosmetics,bottle,0.4263,other
26602,lobelia4cosmetics,,,other
26603,lobelia4cosmetics,,,other
26604,lobelia4cosmetics,,,other
26605,lobelia4cosmetics,,,other
26606,lobelia4cosmetics,bottle,0.6768,other
26607,lobelia4cosmetics,bottle,0.7881,other
26607,lobelia4cosmetics,bottle,0.5554,other
26607,lobelia4cosmetics,bottle,0.3785,other
26607,lobelia4cosmetics,bottle,0.3652,other
26607,lobelia4cosmetics,bottle,0.3564,other
26608,lobelia4cosmetics,,,other
26609,lobelia4cosmetics,,,other
26610,lobelia4cosmetics,,,other
26611,lobelia4cosmetics,bottle,0.8619,other
26612,lobelia4cosmetics,,,other
26613,lobelia4cosmetics,,,other
26614,lobelia4cosmetics,cup,0.4486,other
26615,lobelia4cosmetics,,,other
26616,lobelia4cosmetics,,,other
26617,lobelia4cosmetics,refrigerator,0.5083,other
26617,lobelia4cosmetics,bottle,0.4445,other
26617,lobelia4cosmetics,bottle,0.3976,other
26618,lobelia4cosmetics,bottle,0.4823,other
26618,lobelia4cosmetics,bottle,0.4725,other
26618,lobelia4cosmetics,bottle,0.4318,other
26619,lobelia4cosmetics,bottle,0.5669,other
26619,lobelia4cosmetics,bottle,0.3779,other
26620,lobelia4cosmetics,bottle,0.437,other
26621,lobelia4cosmetics,bottle,0.5032,other
26622,lobelia4cosmetics,bottle,0.5096,other
26622,lobelia4cosmetics,bottle,0.3521,other
26623,lobelia4cosmetics,bottle,0.6109,other
26623,lobelia4cosmetics,bottle,0.3556,other
26624,lobelia4cosmetics,bottle,0.3789,other
26625,lobelia4cosmetics,,,other
26626,lobelia4cosmetics,,,other
26627,lobelia4cosmetics,,,other
26628,lobelia4cosmetics,,,other
26629,lobelia4cosmetics,cup,0.7179,other
26629,lobelia4cosmetics,cup,0.3851,other
26630,lobelia4cosmetics,,,other
26631,lobelia4cosmetics,,,other
26632,lobelia4cosmetics,,,other
26633,lobelia4cosmetics,fork,0.8578,other
26633,lobelia4cosmetics,cup,0.4949,other
26633,lobelia4cosmetics,knife,0.444,other
26634,lobelia4cosmetics,,,other
26635,lobelia4cosmetics,,,other
26636,lobelia4cosmetics,sports ball,0.368,other
26637,lobelia4cosmetics,bottle,0.4263,other
26638,lobelia4cosmetics,,,other
26639,lobelia4cosmetics,,,other
26640,lobelia4cosmetics,,,other
26641,lobelia4cosmetics,,,other
26642,lobelia4cosmetics,person,0.6776,other
26643,lobelia4cosmetics,,,other
26644,lobelia4cosmetics,bottle,0.7959,other
26645,lobelia4cosmetics,bottle,0.7738,other
26646,lobelia4cosmetics,orange,0.4805,other
26647,lobelia4cosmetics,,,other
26648,lobelia4cosmetics,,,other
26649,lobelia4cosmetics,,,other
26650,lobelia4cosmetics,,,other
26651,lobelia4cosmetics,cup,0.354,other
26652,lobelia4cosmetics,,,other
26653,lobelia4cosmetics,bottle,0.4823,other
26653,lobelia4cosmetics,bottle,0.4725,other
26653,lobelia4cosmetics,bottle,0.4318,other
26654,lobelia4cosmetics,bottle,0.5669,other
26654,lobelia4cosmetics,bottle,0.3779,other
26655,lobelia4cosmetics,,,other
26656,lobelia4cosmetics,cell phone,0.4422,other
26656,lobelia4cosmetics,donut,0.4114,other
26657,lobelia4cosmetics,,,other
26658,lobelia4cosmetics,bottle,0.4263,other
26659,lobelia4cosmetics,,,other
26660,lobelia4cosmetics,,,other
26661,lobelia4cosmetics,,,other
26662,lobelia4cosmetics,,,other
26663,lobelia4cosmetics,person,0.6776,other
26664,lobelia4cosmetics,,,other
26665,lobelia4cosmetics,person,0.6776,other
26666,lobelia4cosmetics,,,other
26667,lobelia4cosmetics,,,other
26668,lobelia4cosmetics,bottle,0.8619,other
26669,lobelia4cosmetics,,,other
26670,lobelia4cosmetics,,,other
26671,lobelia4cosmetics,,,other
26672,lobelia4cosmetics,bottle,0.5097,other
26672,lobelia4cosmetics,bottle,0.5074,other
26672,lobelia4cosmetics,dining table,0.4609,other
26672,lobelia4cosmetics,bottle,0.4239,other
26672,lobelia4cosmetics,bottle,0.4207,other
26672,lobelia4cosmetics,cup,0.3684,other
26673,lobelia4cosmetics,,,other
26674,lobelia4cosmetics,,,other
26675,lobelia4cosmetics,,,other
26676,lobelia4cosmetics,bottle,0.5939,other
26677,lobelia4cosmetics,,,other
26678,lobelia4cosmetics,,,other
26679,lobelia4cosmetics,bottle,0.9058,other
26680,lobelia4cosmetics,person,0.8004,other
26681,lobelia4cosmetics,bottle,0.7407,other
26682,lobelia4cosmetics,,,other
26683,lobelia4cosmetics,cup,0.7179,other
26683,lobelia4cosmetics,cup,0.3851,other
26684,lobelia4cosmetics,,,other
26685,lobelia4cosmetics,,,other
26686,lobelia4cosmetics,sports ball,0.368,other
26687,lobelia4cosmetics,,,other
26688,lobelia4cosmetics,cell phone,0.4422,other
26688,lobelia4cosmetics,donut,0.4114,other
26689,lobelia4cosmetics,bottle,0.6768,other
26690,lobelia4cosmetics,bottle,0.3789,other
26691,lobelia4cosmetics,,,other
26692,lobelia4cosmetics,,,other
26693,lobelia4cosmetics,,,other
26694,lobelia4cosmetics,,,other
26695,lobelia4cosmetics,person,0.6776,other
26696,lobelia4cosmetics,,,other
26697,lobelia4cosmetics,,,other
26698,lobelia4cosmetics,bottle,0.5939,other
26699,lobelia4cosmetics,,,other
26700,lobelia4cosmetics,,,other
26701,lobelia4cosmetics,bottle,0.9058,other
26702,lobelia4cosmetics,person,0.8004,other
26703,lobelia4cosmetics,bottle,0.7407,other
26704,lobelia4cosmetics,bottle,0.5097,other
26704,lobelia4cosmetics,bottle,0.5074,other
26704,lobelia4cosmetics,dining table,0.4609,other
26704,lobelia4cosmetics,bottle,0.4239,other
26704,lobelia4cosmetics,bottle,0.4207,other
26704,lobelia4cosmetics,cup,0.3684,other
26705,lobelia4cosmetics,,,other
26706,lobelia4cosmetics,,,other
26707,lobelia4cosmetics,person,0.9189,other
26708,lobelia4cosmetics,,,other
26709,lobelia4cosmetics,person,0.4393,other
26710,lobelia4cosmetics,bottle,0.6693,other
26711,lobelia4cosmetics,,,other
26712,lobelia4cosmetics,bottle,0.5097,other
26712,lobelia4cosmetics,bottle,0.5074,other
26712,lobelia4cosmetics,dining table,0.4609,other
26712,lobelia4cosmetics,bottle,0.4239,other
26712,lobelia4cosmetics,bottle,0.4207,other
26712,lobelia4cosmetics,cup,0.3684,other
26713,lobelia4cosmetics,,,other
26714,lobelia4cosmetics,person,0.7035,other
26714,lobelia4cosmetics,person,0.6184,other
26715,lobelia4cosmetics,,,other
26716,lobelia4cosmetics,,,other
26717,lobelia4cosmetics,dining table,0.4378,other
26718,lobelia4cosmetics,,,other
26719,lobelia4cosmetics,person,0.8004,other
26720,lobelia4cosmetics,,,other
26721,lobelia4cosmetics,bottle,0.744,other
26722,lobelia4cosmetics,bottle,0.9058,other
26723,lobelia4cosmetics,,,other
26724,lobelia4cosmetics,orange,0.4805,other
26725,lobelia4cosmetics,,,other
26726,lobelia4cosmetics,,,other
26727,lobelia4cosmetics,,,other
26728,lobelia4cosmetics,,,other
26729,lobelia4cosmetics,cup,0.354,other
26730,lobelia4cosmetics,,,other
26731,lobelia4cosmetics,,,other
26732,lobelia4cosmetics,,,other
26733,lobelia4cosmetics,,,other
26734,lobelia4cosmetics,bottle,0.8619,other
26735,lobelia4cosmetics,,,other
26736,lobelia4cosmetics,,,other
26737,lobelia4cosmetics,,,other
26738,lobelia4cosmetics,person,0.9189,other
26739,lobelia4cosmetics,,,other
26740,lobelia4cosmetics,person,0.4393,other
26741,lobelia4cosmetics,,,other
26742,lobelia4cosmetics,bottle,0.6433,other
26742,lobelia4cosmetics,bottle,0.6279,other
26742,lobelia4cosmetics,bottle,0.4022,other
26742,lobelia4cosmetics,bottle,0.3563,other
26743,lobelia4cosmetics,,,other
26744,lobelia4cosmetics,bottle,0.8619,other
26745,lobelia4cosmetics,,,other
26746,lobelia4cosmetics,,,other
26747,lobelia4cosmetics,cell phone,0.4422,other
26747,lobelia4cosmetics,donut,0.4114,other
26748,lobelia4cosmetics,,,other
195875,tikvahpharma,,,other
195884,tikvahpharma,,,other
195885,tikvahpharma,,,other
195886,tikvahpharma,,,other
195887,tikvahpharma,,,other
195888,tikvahpharma,,,other
195889,tikvahpharma,tv,0.9352,other
195889,tikvahpharma,laptop,0.7975,other
195889,tikvahpharma,person,0.7949,other
195889,tikvahpharma,person,0.7005,other
195889,tikvahpharma,person,0.6431,other
195891,tikvahpharma,,,other
195892,tikvahpharma,tv,0.8834,other
195892,tikvahpharma,keyboard,0.7995,other
195893,tikvahpharma,tv,0.4404,other
195893,tikvahpharma,keyboard,0.3641,other
195896,tikvahpharma,chair,0.8075,other
195899,tikvahpharma,tv,0.882,other
195900,tikvahpharma,laptop,0.9522,other
195900,tikvahpharma,laptop,0.9129,other
195900,tikvahpharma,tv,0.8287,other
195900,tikvahpharma,person,0.8244,other
195900,tikvahpharma,tv,0.8071,other
195900,tikvahpharma,person,0.4169,other
195906,tikvahpharma,,,other
195909,tikvahpharma,,,other
195910,tikvahpharma,,,other
195911,tikvahpharma,,,other
195914,tikvahpharma,,,other
195917,tikvahpharma,tv,0.7032,other
195917,tikvahpharma,microwave,0.3774,other
195933,tikvahpharma,tv,0.7032,other
195933,tikvahpharma,microwave,0.3774,other
195934,tikvahpharma,book,0.3904,other
195935,tikvahpharma,,,other
195936,tikvahpharma,,,other
195937,tikvahpharma,,,other
195938,tikvahpharma,,,other
195939,tikvahpharma,,,other
195940,tikvahpharma,train,0.5072,other
195940,tikvahpharma,train,0.4036,other
195941,tikvahpharma,,,other
195942,tikvahpharma,,,other
195948,tikvahpharma,,,other
195950,tikvahpharma,,,other
195955,tikvahpharma,,,other
195960,tikvahpharma,tv,0.6994,other
195960,tikvahpharma,microwave,0.3882,other
195961,tikvahpharma,book,0.3926,other
195962,tikvahpharma,,,other
195963,tikvahpharma,,,other
195966,tikvahpharma,laptop,0.5637,other
195966,tikvahpharma,cell phone,0.435,other
195967,tikvahpharma,laptop,0.6673,other
195967,tikvahpharma,laptop,0.6013,other
195967,tikvahpharma,dining table,0.5994,other
195968,tikvahpharma,laptop,0.846,other
195968,tikvahpharma,person,0.5474,other
195969,tikvahpharma,laptop,0.7085,other
195972,tikvahpharma,,,other
195973,tikvahpharma,,,other
195974,tikvahpharma,,,other
195976,tikvahpharma,,,other
195979,tikvahpharma,bowl,0.3644,other
195982,tikvahpharma,bottle,0.4136,other
195982,tikvahpharma,bottle,0.4084,other
195982,tikvahpharma,bottle,0.3838,other
195982,tikvahpharma,bottle,0.3827,other
195983,tikvahpharma,,,other
195986,tikvahpharma,bowl,0.3644,other
195989,tikvahpharma,laptop,0.9522,other
195989,tikvahpharma,laptop,0.9129,other
195989,tikvahpharma,tv,0.8287,other
195989,tikvahpharma,person,0.8244,other
195989,tikvahpharma,tv,0.8071,other
195989,tikvahpharma,person,0.4169,other
195993,tikvahpharma,bowl,0.3644,other
195994,tikvahpharma,bottle,0.7958,other
195999,tikvahpharma,refrigerator,0.6737,other
195999,tikvahpharma,bottle,0.5488,other
195999,tikvahpharma,bottle,0.5268,other
195999,tikvahpharma,bottle,0.5129,other
195999,tikvahpharma,bottle,0.509,other
195999,tikvahpharma,bottle,0.4895,other
195999,tikvahpharma,bottle,0.4094,other
195999,tikvahpharma,bottle,0.408,other
195999,tikvahpharma,bottle,0.3889,other
195999,tikvahpharma,bottle,0.3839,other
195999,tikvahpharma,bottle,0.3614,other
196007,tikvahpharma,laptop,0.5637,other
196007,tikvahpharma,cell phone,0.435,other
196008,tikvahpharma,laptop,0.6673,other
196008,tikvahpharma,laptop,0.6013,other
196008,tikvahpharma,dining table,0.5994,other
196009,tikvahpharma,laptop,0.846,other
196009,tikvahpharma,person,0.5474,other
196010,tikvahpharma,laptop,0.7085,other
196019,tikvahpharma,,,other
196022,tikvahpharma,refrigerator,0.6737,other
196022,tikvahpharma,bottle,0.5488,other
196022,tikvahpharma,bottle,0.5268,other
196022,tikvahpharma,bottle,0.5129,other
196022,tikvahpharma,bottle,0.509,other
196022,tikvahpharma,bottle,0.4895,other
196022,tikvahpharma,bottle,0.4094,other
196022,tikvahpharma,bottle,0.408,other
196022,tikvahpharma,bottle,0.3889,other
196022,tikvahpharma,bottle,0.3839,other
196022,tikvahpharma,bottle,0.3614,other
196030,tikvahpharma,,,other
196036,tikvahpharma,,,other
196037,tikvahpharma,,,other
196038,tikvahpharma,,,other
196039,tikvahpharma,laptop,0.9522,other
196039,tikvahpharma,laptop,0.9129,other
196039,tikvahpharma,tv,0.8287,other
196039,tikvahpharma,person,0.8244,other
196039,tikvahpharma,tv,0.8071,other
196039,tikvahpharma,person,0.4169,other
196042,tikvahpharma,,,other
196048,tikvahpharma,bowl,0.4237,other
196053,tikvahpharma,,,other
196054,tikvahpharma,book,0.391,other
196055,tikvahpharma,tv,0.701,other
196055,tikvahpharma,microwave,0.3967,other
196056,tikvahpharma,,,other
196070,tikvahpharma,laptop,0.5637,other
196070,tikvahpharma,cell phone,0.435,other
196071,tikvahpharma,laptop,0.6673,other
196071,tikvahpharma,laptop,0.6013,other
196071,tikvahpharma,dining table,0.5994,other
196072,tikvahpharma,laptop,0.846,other
196072,tikvahpharma,person,0.5474,other
196073,tikvahpharma,laptop,0.7085,other
196078,tikvahpharma,,,other
196083,tikvahpharma,book,0.5127,other
196084,tikvahpharma,,,other
196085,tikvahpharma,refrigerator,0.6737,other
196085,tikvahpharma,bottle,0.5488,other
196085,tikvahpharma,bottle,0.5268,other
196085,tikvahpharma,bottle,0.5129,other
196085,tikvahpharma,bottle,0.509,other
196085,tikvahpharma,bottle,0.4895,other
196085,tikvahpharma,bottle,0.4094,other
196085,tikvahpharma,bottle,0.408,other
196085,tikvahpharma,bottle,0.3889,other
196085,tikvahpharma,bottle,0.3839,other
196085,tikvahpharma,bottle,0.3614,other
196086,tikvahpharma,,,other
196105,tikvahpharma,,,other
196108,tikvahpharma,,,other
196109,tikvahpharma,,,other
196111,tikvahpharma,,,other
196131,tikvahpharma,,,other
196132,tikvahpharma,,,other
196134,tikvahpharma,bowl,0.3644,other
196141,tikvahpharma,laptop,0.9522,other
196141,tikvahpharma,laptop,0.9129,other
196141,tikvahpharma,tv,0.8287,other
196141,tikvahpharma,person,0.8244,other
196141,tikvahpharma,tv,0.8071,other
196141,tikvahpharma,person,0.4169,other
196142,tikvahpharma,laptop,0.7089,other
196157,tikvahpharma,bowl,0.4237,other
196164,tikvahpharma,,,other
196165,tikvahpharma,,,other
196166,tikvahpharma,,,other
196167,tikvahpharma,,,other
196169,tikvahpharma,,,other
196170,tikvahpharma,,,other
196172,tikvahpharma,,,other
196177,tikvahpharma,laptop,0.9522,other
196177,tikvahpharma,laptop,0.9129,other
196177,tikvahpharma,tv,0.8287,other
196177,tikvahpharma,person,0.8244,other
196177,tikvahpharma,tv,0.8071,other
196177,tikvahpharma,person,0.4169,other
196178,tikvahpharma,laptop,0.7089,other
196181,tikvahpharma,,,other
196185,tikvahpharma,,,other
196189,tikvahpharma,,,other
196198,tikvahpharma,,,other
196199,tikvahpharma,,,other
196207,tikvahpharma,laptop,0.9522,other
196207,tikvahpharma,laptop,0.9129,other
196207,tikvahpharma,tv,0.8287,other
196207,tikvahpharma,person,0.8244,other
196207,tikvahpharma,tv,0.8071,other
196207,tikvahpharma,person,0.4169,other
196211,tikvahpharma,bowl,0.4237,other
196224,tikvahpharma,,,other
196225,tikvahpharma,,,other
196246,tikvahpharma,laptop,0.9522,other
196246,tikvahpharma,laptop,0.9129,other
196246,tikvahpharma,tv,0.8287,other
196246,tikvahpharma,person,0.8244,other
196246,tikvahpharma,tv,0.8071,other
196246,tikvahpharma,person,0.4169,other
196247,tikvahpharma,laptop,0.7089,other
196268,tikvahpharma,bowl,0.3644,other
196269,tikvahpharma,,,other
196270,tikvahpharma,,,other
196271,tikvahpharma,,,other
196286,tikvahpharma,,,other
196288,tikvahpharma,bowl,0.3644,other
196295,tikvahpharma,person,0.3923,other
196310,tikvahpharma,,,other
196311,tikvahpharma,,,other
196312,tikvahpharma,,,other
196313,tikvahpharma,laptop,0.7089,other
196327,tikvahpharma,,,other
196337,tikvahpharma,,,other
196338,tikvahpharma,,,other
196339,tikvahpharma,,,other
196340,tikvahpharma,laptop,0.7089,other
196343,tikvahpharma,,,other
196344,tikvahpharma,tv,0.6954,other
196344,tikvahpharma,microwave,0.4358,other
196355,tikvahpharma,,,other
196356,tikvahpharma,tv,0.6954,other
196356,tikvahpharma,microwave,0.4358,other
196367,tikvahpharma,,,other
196368,tikvahpharma,,,other
196369,tikvahpharma,,,other
196370,tikvahpharma,laptop,0.7089,other
196383,tikvahpharma,laptop,0.8312,other
196383,tikvahpharma,bottle,0.6147,other
196384,tikvahpharma,laptop,0.9084,other
196409,tikvahpharma,,,other
196410,tikvahpharma,,,other
196411,tikvahpharma,,,other
196412,tikvahpharma,laptop,0.8312,product_display
196412,tikvahpharma,bottle,0.6147,product_display
196413,tikvahpharma,laptop,0.9084,other
196417,tikvahpharma,,,other
196437,tikvahpharma,tv,0.8935,
196437,tikvahpharma,laptop,0.7821,
196437,tikvahpharma,laptop,0.7615,other
196437,tikvahpharma,laptop,0.492,other
196437,tikvahpharma,keyboard,0.4539,other
196438,tikvahpharma,laptop,0.8501,other
196439,tikvahpharma,person,0.7967,lifestyle
196445,tikvahpharma,,,other
196463,tikvahpharma,,,other
196465,tikvahpharma,cup,0.435,product_display
196477,tikvahpharma,cup,0.423,product_display
196479,tikvahpharma,,,other
196480,tikvahpharma,cup,0.423,product_display
196481,tikvahpharma,,,other
